"Series";"Time";"Value"
"net.Recv {interface: eth2}";"2022-10-21T09:35:00-04:00";157,050,153
"net.Recv {interface: eth2}";"2022-10-21T09:35:10-04:00";142,542,413
"net.Recv {interface: eth2}";"2022-10-21T09:35:20-04:00";165,884,495
"net.Recv {interface: eth2}";"2022-10-21T09:35:30-04:00";177,807,614
"net.Recv {interface: eth2}";"2022-10-21T09:35:40-04:00";95,734,386
"net.Recv {interface: eth2}";"2022-10-21T09:35:50-04:00";89,196,360
"net.Recv {interface: eth2}";"2022-10-21T09:36:00-04:00";87,316,744
"net.Recv {interface: eth2}";"2022-10-21T09:36:10-04:00";108,999,334
"net.Recv {interface: eth2}";"2022-10-21T09:36:20-04:00";88,952,506
"net.Recv {interface: eth2}";"2022-10-21T09:36:30-04:00";75,751,513
"net.Recv {interface: eth2}";"2022-10-21T09:36:40-04:00";62,467,954
"net.Recv {interface: eth2}";"2022-10-21T09:36:50-04:00";114,454,257
"net.Recv {interface: eth2}";"2022-10-21T09:37:00-04:00";97,506,112
"net.Recv {interface: eth2}";"2022-10-21T09:37:10-04:00";78,123,713
"net.Recv {interface: eth2}";"2022-10-21T09:37:20-04:00";87,522,333
"net.Recv {interface: eth2}";"2022-10-21T09:37:30-04:00";88,058,207
"net.Recv {interface: eth2}";"2022-10-21T09:37:40-04:00";104,893,731
"net.Recv {interface: eth2}";"2022-10-21T09:37:50-04:00";146,432,579
"net.Recv {interface: eth2}";"2022-10-21T09:38:00-04:00";136,590,935
"net.Recv {interface: eth2}";"2022-10-21T09:38:10-04:00";122,006,649
"net.Recv {interface: eth2}";"2022-10-21T09:38:20-04:00";186,984,344
"net.Recv {interface: eth2}";"2022-10-21T09:38:30-04:00";89,427,111
"net.Recv {interface: eth2}";"2022-10-21T09:38:40-04:00";130,183,769
"net.Recv {interface: eth2}";"2022-10-21T09:38:50-04:00";88,189,808
"net.Recv {interface: eth2}";"2022-10-21T09:39:00-04:00";93,719,972
"net.Recv {interface: eth2}";"2022-10-21T09:39:10-04:00";84,779,158
"net.Recv {interface: eth2}";"2022-10-21T09:39:20-04:00";119,256,533
"net.Recv {interface: eth2}";"2022-10-21T09:39:30-04:00";115,654,902
"net.Recv {interface: eth2}";"2022-10-21T09:39:40-04:00";116,057,703
"net.Recv {interface: eth2}";"2022-10-21T09:39:50-04:00";69,077,883
"net.Recv {interface: eth2}";"2022-10-21T09:40:00-04:00";121,826,886
"net.Recv {interface: eth2}";"2022-10-21T09:40:10-04:00";77,404,561
"net.Recv {interface: eth2}";"2022-10-21T09:40:20-04:00";93,333,816
"net.Recv {interface: eth2}";"2022-10-21T09:40:30-04:00";111,076,539
"net.Recv {interface: eth2}";"2022-10-21T09:40:40-04:00";77,964,044
"net.Recv {interface: eth2}";"2022-10-21T09:40:50-04:00";95,544,658
"net.Recv {interface: eth2}";"2022-10-21T09:41:00-04:00";73,339,197
"net.Recv {interface: eth2}";"2022-10-21T09:41:10-04:00";79,500,080
"net.Recv {interface: eth2}";"2022-10-21T09:41:20-04:00";68,958,450
"net.Recv {interface: eth2}";"2022-10-21T09:41:30-04:00";67,621,032
"net.Recv {interface: eth2}";"2022-10-21T09:41:40-04:00";90,444,234
"net.Recv {interface: eth2}";"2022-10-21T09:41:50-04:00";77,318,372
"net.Recv {interface: eth2}";"2022-10-21T09:42:00-04:00";67,766,112
"net.Recv {interface: eth2}";"2022-10-21T09:42:10-04:00";89,955,403
"net.Recv {interface: eth2}";"2022-10-21T09:42:20-04:00";70,819,956
"net.Recv {interface: eth2}";"2022-10-21T09:42:30-04:00";107,551,446
"net.Recv {interface: eth2}";"2022-10-21T09:42:40-04:00";89,649,438
"net.Recv {interface: eth2}";"2022-10-21T09:42:50-04:00";88,171,329
"net.Recv {interface: eth2}";"2022-10-21T09:43:00-04:00";97,706,621
"net.Recv {interface: eth2}";"2022-10-21T09:43:10-04:00";154,258,747
"net.Recv {interface: eth2}";"2022-10-21T09:43:20-04:00";148,552,962
"net.Recv {interface: eth2}";"2022-10-21T09:43:30-04:00";200,816,080
"net.Recv {interface: eth2}";"2022-10-21T09:43:40-04:00";141,668,232
"net.Recv {interface: eth2}";"2022-10-21T09:43:50-04:00";135,736,404
"net.Recv {interface: eth2}";"2022-10-21T09:44:00-04:00";164,450,686
"net.Recv {interface: eth2}";"2022-10-21T09:44:10-04:00";182,269,121
"net.Recv {interface: eth2}";"2022-10-21T09:44:20-04:00";156,237,720
"net.Recv {interface: eth2}";"2022-10-21T09:44:30-04:00";174,920,215
"net.Recv {interface: eth2}";"2022-10-21T09:44:40-04:00";136,551,160
"net.Recv {interface: eth2}";"2022-10-21T09:44:50-04:00";133,969,166
"net.Recv {interface: eth2}";"2022-10-21T09:45:00-04:00";199,122,268
"net.Recv {interface: eth2}";"2022-10-21T09:45:10-04:00";170,843,955
"net.Recv {interface: eth2}";"2022-10-21T09:45:20-04:00";158,948,976
"net.Recv {interface: eth2}";"2022-10-21T09:45:30-04:00";141,921,515
"net.Recv {interface: eth2}";"2022-10-21T09:45:40-04:00";157,107,236
"net.Recv {interface: eth2}";"2022-10-21T09:45:50-04:00";157,611,822
"net.Recv {interface: eth2}";"2022-10-21T09:46:00-04:00";134,454,239
"net.Recv {interface: eth2}";"2022-10-21T09:46:10-04:00";152,769,507
"net.Recv {interface: eth2}";"2022-10-21T09:46:20-04:00";124,630,740
"net.Recv {interface: eth2}";"2022-10-21T09:46:30-04:00";98,141,002
"net.Recv {interface: eth2}";"2022-10-21T09:46:40-04:00";114,476,490
"net.Recv {interface: eth2}";"2022-10-21T09:46:50-04:00";162,831,154
"net.Recv {interface: eth2}";"2022-10-21T09:47:00-04:00";263,556,473
"net.Recv {interface: eth2}";"2022-10-21T09:47:10-04:00";253,480,948
"net.Recv {interface: eth2}";"2022-10-21T09:47:20-04:00";234,322,942
"net.Recv {interface: eth2}";"2022-10-21T09:47:30-04:00";250,888,073
"net.Recv {interface: eth2}";"2022-10-21T09:47:40-04:00";175,872,556
"net.Recv {interface: eth2}";"2022-10-21T09:47:50-04:00";69,661,908
"net.Recv {interface: eth2}";"2022-10-21T09:48:00-04:00";90,730,247
"net.Recv {interface: eth2}";"2022-10-21T09:48:10-04:00";145,933,663
"net.Recv {interface: eth2}";"2022-10-21T09:48:20-04:00";69,389,000
"net.Recv {interface: eth2}";"2022-10-21T09:48:30-04:00";71,735,941
"net.Recv {interface: eth2}";"2022-10-21T09:48:40-04:00";86,114,613
"net.Recv {interface: eth2}";"2022-10-21T09:48:50-04:00";95,103,274
"net.Recv {interface: eth2}";"2022-10-21T09:49:00-04:00";66,142,107
"net.Recv {interface: eth2}";"2022-10-21T09:49:10-04:00";84,840,354
"net.Recv {interface: eth2}";"2022-10-21T09:49:20-04:00";60,771,240
"net.Recv {interface: eth2}";"2022-10-21T09:49:30-04:00";62,529,318
"net.Recv {interface: eth2}";"2022-10-21T09:49:40-04:00";88,983,615
"net.Recv {interface: eth2}";"2022-10-21T09:49:50-04:00";74,069,913
"net.Recv {interface: eth2}";"2022-10-21T09:50:00-04:00";88,474,183
"net.Recv {interface: eth2}";"2022-10-21T09:50:10-04:00";84,514,704
"net.Recv {interface: eth2}";"2022-10-21T09:50:20-04:00";127,921,225
"net.Recv {interface: eth2}";"2022-10-21T09:50:30-04:00";106,157,130
"net.Recv {interface: eth2}";"2022-10-21T09:50:40-04:00";96,189,924
"net.Recv {interface: eth2}";"2022-10-21T09:50:50-04:00";107,765,925
"net.Recv {interface: eth2}";"2022-10-21T09:51:00-04:00";137,691,370
"net.Recv {interface: eth2}";"2022-10-21T09:51:10-04:00";78,644,477
"net.Recv {interface: eth2}";"2022-10-21T09:51:20-04:00";67,831,477
"net.Recv {interface: eth2}";"2022-10-21T09:51:30-04:00";91,498,458
"net.Recv {interface: eth2}";"2022-10-21T09:51:40-04:00";80,254,316
"net.Recv {interface: eth2}";"2022-10-21T09:51:50-04:00";77,390,324
"net.Recv {interface: eth2}";"2022-10-21T09:52:00-04:00";76,052,931
"net.Recv {interface: eth2}";"2022-10-21T09:52:10-04:00";131,693,848
"net.Recv {interface: eth2}";"2022-10-21T09:52:20-04:00";98,364,005
"net.Recv {interface: eth2}";"2022-10-21T09:52:30-04:00";55,450,687
"net.Recv {interface: eth2}";"2022-10-21T09:52:40-04:00";67,800,681
"net.Recv {interface: eth2}";"2022-10-21T09:52:50-04:00";49,655,937
"net.Recv {interface: eth2}";"2022-10-21T09:53:00-04:00";96,028,309
"net.Recv {interface: eth2}";"2022-10-21T09:53:10-04:00";75,402,439
"net.Recv {interface: eth2}";"2022-10-21T09:53:20-04:00";57,729,590
"net.Recv {interface: eth2}";"2022-10-21T09:53:30-04:00";53,853,408
"net.Recv {interface: eth2}";"2022-10-21T09:53:40-04:00";80,811,162
"net.Recv {interface: eth2}";"2022-10-21T09:53:50-04:00";78,222,303
"net.Recv {interface: eth2}";"2022-10-21T09:54:00-04:00";67,959,141
"net.Recv {interface: eth2}";"2022-10-21T09:54:10-04:00";60,216,020
"net.Recv {interface: eth2}";"2022-10-21T09:54:20-04:00";67,231,852
"net.Recv {interface: eth2}";"2022-10-21T09:54:30-04:00";71,029,711
"net.Recv {interface: eth2}";"2022-10-21T09:54:40-04:00";67,203,674
"net.Recv {interface: eth2}";"2022-10-21T09:54:50-04:00";65,496,964
"net.Recv {interface: eth2}";"2022-10-21T09:55:00-04:00";70,775,174
"net.Recv {interface: eth2}";"2022-10-21T09:55:10-04:00";62,599,135
"net.Recv {interface: eth2}";"2022-10-21T09:55:20-04:00";64,926,805
"net.Recv {interface: eth2}";"2022-10-21T09:55:30-04:00";72,353,162
"net.Recv {interface: eth2}";"2022-10-21T09:55:40-04:00";89,871,395
"net.Recv {interface: eth2}";"2022-10-21T09:55:50-04:00";62,187,108
"net.Recv {interface: eth2}";"2022-10-21T09:56:00-04:00";72,371,602
"net.Recv {interface: eth2}";"2022-10-21T09:56:10-04:00";79,179,431
"net.Recv {interface: eth2}";"2022-10-21T09:56:20-04:00";126,708,245
"net.Recv {interface: eth2}";"2022-10-21T09:56:30-04:00";62,494,328
"net.Recv {interface: eth2}";"2022-10-21T09:56:40-04:00";87,657,064
"net.Recv {interface: eth2}";"2022-10-21T09:56:50-04:00";103,964,816
"net.Recv {interface: eth2}";"2022-10-21T09:57:00-04:00";80,259,873
"net.Recv {interface: eth2}";"2022-10-21T09:57:10-04:00";69,642,020
"net.Recv {interface: eth2}";"2022-10-21T09:57:20-04:00";75,185,410
"net.Recv {interface: eth2}";"2022-10-21T09:57:30-04:00";65,412,138
"net.Recv {interface: eth2}";"2022-10-21T09:57:40-04:00";62,463,941
"net.Recv {interface: eth2}";"2022-10-21T09:57:50-04:00";74,812,966
"net.Recv {interface: eth2}";"2022-10-21T09:58:00-04:00";107,336,343
"net.Recv {interface: eth2}";"2022-10-21T09:58:10-04:00";81,655,144
"net.Recv {interface: eth2}";"2022-10-21T09:58:20-04:00";87,824,689
"net.Recv {interface: eth2}";"2022-10-21T09:58:30-04:00";100,475,529
"net.Recv {interface: eth2}";"2022-10-21T09:58:40-04:00";94,755,282
"net.Recv {interface: eth2}";"2022-10-21T09:58:50-04:00";74,291,364
"net.Recv {interface: eth2}";"2022-10-21T09:59:00-04:00";59,893,248
"net.Recv {interface: eth2}";"2022-10-21T09:59:10-04:00";74,104,717
"net.Recv {interface: eth2}";"2022-10-21T09:59:20-04:00";62,735,093
"net.Recv {interface: eth2}";"2022-10-21T09:59:30-04:00";124,611,286
"net.Recv {interface: eth2}";"2022-10-21T09:59:40-04:00";147,969,689
"net.Recv {interface: eth2}";"2022-10-21T09:59:50-04:00";181,621,767
"net.Recv {interface: eth2}";"2022-10-21T10:00:00-04:00";123,751,151
"net.Recv {interface: eth2}";"2022-10-21T10:00:10-04:00";129,114,481
"net.Recv {interface: eth2}";"2022-10-21T10:00:20-04:00";164,979,333
"net.Recv {interface: eth2}";"2022-10-21T10:00:30-04:00";153,614,813
"net.Recv {interface: eth2}";"2022-10-21T10:00:40-04:00";197,737,974
"net.Recv {interface: eth2}";"2022-10-21T10:00:50-04:00";226,238,603
"net.Recv {interface: eth2}";"2022-10-21T10:01:00-04:00";112,960,008
"net.Recv {interface: eth2}";"2022-10-21T10:01:10-04:00";210,673,177
"net.Recv {interface: eth2}";"2022-10-21T10:01:20-04:00";181,748,282
"net.Recv {interface: eth2}";"2022-10-21T10:01:30-04:00";162,946,232
"net.Recv {interface: eth2}";"2022-10-21T10:01:40-04:00";159,032,629
"net.Recv {interface: eth2}";"2022-10-21T10:01:50-04:00";105,531,950
"net.Recv {interface: eth2}";"2022-10-21T10:02:00-04:00";239,634,731
"net.Recv {interface: eth2}";"2022-10-21T10:02:10-04:00";265,343,867
"net.Recv {interface: eth2}";"2022-10-21T10:02:20-04:00";254,132,750
"net.Recv {interface: eth2}";"2022-10-21T10:02:30-04:00";215,141,408
"net.Recv {interface: eth2}";"2022-10-21T10:02:40-04:00";235,426,795
"net.Recv {interface: eth2}";"2022-10-21T10:02:50-04:00";237,834,795
"net.Recv {interface: eth2}";"2022-10-21T10:03:00-04:00";214,161,504
"net.Recv {interface: eth2}";"2022-10-21T10:03:10-04:00";162,804,197
"net.Recv {interface: eth2}";"2022-10-21T10:03:20-04:00";113,831,823
"net.Recv {interface: eth2}";"2022-10-21T10:03:30-04:00";70,661,480
"net.Recv {interface: eth2}";"2022-10-21T10:03:40-04:00";76,514,114
"net.Recv {interface: eth2}";"2022-10-21T10:03:50-04:00";120,179,477
"net.Recv {interface: eth2}";"2022-10-21T10:04:00-04:00";92,637,312
"net.Recv {interface: eth2}";"2022-10-21T10:04:10-04:00";128,011,516
"net.Recv {interface: eth2}";"2022-10-21T10:04:20-04:00";118,972,783
"net.Recv {interface: eth2}";"2022-10-21T10:04:30-04:00";149,026,955
"net.Recv {interface: eth2}";"2022-10-21T10:04:40-04:00";75,802,678
"net.Recv {interface: eth2}";"2022-10-21T10:04:50-04:00";79,142,373
"net.Recv {interface: eth2}";"2022-10-21T10:05:00-04:00";82,718,810
"net.Recv {interface: eth2}";"2022-10-21T10:05:10-04:00";75,681,736
"net.Recv {interface: eth2}";"2022-10-21T10:05:20-04:00";92,785,690
"net.Recv {interface: eth2}";"2022-10-21T10:05:30-04:00";89,904,303
"net.Recv {interface: eth2}";"2022-10-21T10:05:40-04:00";151,978,928
"net.Recv {interface: eth2}";"2022-10-21T10:05:50-04:00";153,329,468
"net.Recv {interface: eth2}";"2022-10-21T10:06:00-04:00";156,595,090
"net.Recv {interface: eth2}";"2022-10-21T10:06:10-04:00";146,040,584
"net.Recv {interface: eth2}";"2022-10-21T10:06:20-04:00";110,429,035
"net.Recv {interface: eth2}";"2022-10-21T10:06:30-04:00";175,281,338
"net.Recv {interface: eth2}";"2022-10-21T10:06:40-04:00";187,185,955
"net.Recv {interface: eth2}";"2022-10-21T10:06:50-04:00";149,382,360
"net.Recv {interface: eth2}";"2022-10-21T10:07:00-04:00";251,955,649
"net.Recv {interface: eth2}";"2022-10-21T10:07:10-04:00";283,767,497
"net.Recv {interface: eth2}";"2022-10-21T10:07:20-04:00";275,163,560
"net.Recv {interface: eth2}";"2022-10-21T10:07:30-04:00";302,749,730
"net.Recv {interface: eth2}";"2022-10-21T10:07:40-04:00";258,876,187
"net.Recv {interface: eth2}";"2022-10-21T10:07:50-04:00";276,975,591
"net.Recv {interface: eth2}";"2022-10-21T10:08:00-04:00";216,043,050
"net.Recv {interface: eth2}";"2022-10-21T10:08:10-04:00";98,099,085
"net.Recv {interface: eth2}";"2022-10-21T10:08:20-04:00";75,212,243
"net.Recv {interface: eth2}";"2022-10-21T10:08:30-04:00";108,672,628
"net.Recv {interface: eth2}";"2022-10-21T10:08:40-04:00";99,649,584
"net.Recv {interface: eth2}";"2022-10-21T10:08:50-04:00";111,009,341
"net.Recv {interface: eth2}";"2022-10-21T10:09:00-04:00";114,460,238
"net.Recv {interface: eth2}";"2022-10-21T10:09:10-04:00";98,884,407
"net.Recv {interface: eth2}";"2022-10-21T10:09:20-04:00";82,348,580
"net.Recv {interface: eth2}";"2022-10-21T10:09:30-04:00";93,221,852
"net.Recv {interface: eth2}";"2022-10-21T10:09:40-04:00";94,594,633
"net.Recv {interface: eth2}";"2022-10-21T10:09:50-04:00";81,181,783
"net.Recv {interface: eth2}";"2022-10-21T10:10:00-04:00";83,007,932
"net.Recv {interface: eth2}";"2022-10-21T10:10:10-04:00";91,328,990
"net.Recv {interface: eth2}";"2022-10-21T10:10:20-04:00";90,992,341
"net.Recv {interface: eth2}";"2022-10-21T10:10:30-04:00";79,097,866
"net.Recv {interface: eth2}";"2022-10-21T10:10:40-04:00";95,529,742
"net.Recv {interface: eth2}";"2022-10-21T10:10:50-04:00";81,573,290
"net.Recv {interface: eth2}";"2022-10-21T10:11:00-04:00";70,898,871
"net.Recv {interface: eth2}";"2022-10-21T10:11:10-04:00";82,357,997
"net.Recv {interface: eth2}";"2022-10-21T10:11:20-04:00";109,403,966
"net.Recv {interface: eth2}";"2022-10-21T10:11:30-04:00";72,349,244
"net.Recv {interface: eth2}";"2022-10-21T10:11:40-04:00";75,377,668
"net.Recv {interface: eth2}";"2022-10-21T10:11:50-04:00";87,560,003
"net.Recv {interface: eth2}";"2022-10-21T10:12:00-04:00";78,097,750
"net.Recv {interface: eth2}";"2022-10-21T10:12:10-04:00";83,910,691
"net.Recv {interface: eth2}";"2022-10-21T10:12:20-04:00";239,076,616
"net.Recv {interface: eth2}";"2022-10-21T10:12:30-04:00";232,535,358
"net.Recv {interface: eth2}";"2022-10-21T10:12:40-04:00";201,214,705
"net.Recv {interface: eth2}";"2022-10-21T10:12:50-04:00";159,104,954
"net.Recv {interface: eth2}";"2022-10-21T10:13:00-04:00";110,641,112
"net.Recv {interface: eth2}";"2022-10-21T10:13:10-04:00";74,884,836
"net.Recv {interface: eth2}";"2022-10-21T10:13:20-04:00";107,380,765
"net.Recv {interface: eth2}";"2022-10-21T10:13:30-04:00";91,585,728
"net.Recv {interface: eth2}";"2022-10-21T10:13:40-04:00";85,151,873
"net.Recv {interface: eth2}";"2022-10-21T10:13:50-04:00";94,518,918
"net.Recv {interface: eth2}";"2022-10-21T10:14:00-04:00";131,152,542
"net.Recv {interface: eth2}";"2022-10-21T10:14:10-04:00";150,986,360
"net.Recv {interface: eth2}";"2022-10-21T10:14:20-04:00";108,760,058
"net.Recv {interface: eth2}";"2022-10-21T10:14:30-04:00";148,179,059
"net.Recv {interface: eth2}";"2022-10-21T10:14:40-04:00";184,223,809
"net.Recv {interface: eth2}";"2022-10-21T10:14:50-04:00";114,674,750
"net.Recv {interface: eth2}";"2022-10-21T10:15:00-04:00";120,137,806
"net.Recv {interface: eth2}";"2022-10-21T10:15:10-04:00";86,430,781
"net.Recv {interface: eth2}";"2022-10-21T10:15:20-04:00";74,250,189
"net.Recv {interface: eth2}";"2022-10-21T10:15:30-04:00";92,976,184
"net.Recv {interface: eth2}";"2022-10-21T10:15:40-04:00";90,118,978
"net.Recv {interface: eth2}";"2022-10-21T10:15:50-04:00";72,584,659
"net.Recv {interface: eth2}";"2022-10-21T10:16:00-04:00";91,909,136
"net.Recv {interface: eth2}";"2022-10-21T10:16:10-04:00";81,188,363
"net.Recv {interface: eth2}";"2022-10-21T10:16:20-04:00";81,620,096
"net.Recv {interface: eth2}";"2022-10-21T10:16:30-04:00";88,990,425
"net.Recv {interface: eth2}";"2022-10-21T10:16:40-04:00";102,296,260
"net.Recv {interface: eth2}";"2022-10-21T10:16:50-04:00";84,716,493
"net.Recv {interface: eth2}";"2022-10-21T10:17:00-04:00";73,740,381
"net.Recv {interface: eth2}";"2022-10-21T10:17:10-04:00";72,675,776
"net.Recv {interface: eth2}";"2022-10-21T10:17:20-04:00";81,005,981
"net.Recv {interface: eth2}";"2022-10-21T10:17:30-04:00";69,958,762
"net.Recv {interface: eth2}";"2022-10-21T10:17:40-04:00";87,082,408
"net.Recv {interface: eth2}";"2022-10-21T10:17:50-04:00";128,549,050
"net.Recv {interface: eth2}";"2022-10-21T10:18:00-04:00";106,861,851
"net.Recv {interface: eth2}";"2022-10-21T10:18:10-04:00";109,728,996
"net.Recv {interface: eth2}";"2022-10-21T10:18:20-04:00";132,365,964
"net.Recv {interface: eth2}";"2022-10-21T10:18:30-04:00";218,013,482
"net.Recv {interface: eth2}";"2022-10-21T10:18:40-04:00";111,226,857
"net.Recv {interface: eth2}";"2022-10-21T10:18:50-04:00";100,085,367
"net.Recv {interface: eth2}";"2022-10-21T10:19:00-04:00";121,244,935
"net.Recv {interface: eth2}";"2022-10-21T10:19:10-04:00";128,821,682
"net.Recv {interface: eth2}";"2022-10-21T10:19:20-04:00";139,614,696
"net.Recv {interface: eth2}";"2022-10-21T10:19:30-04:00";177,916,263
"net.Recv {interface: eth2}";"2022-10-21T10:19:40-04:00";130,922,593
"net.Recv {interface: eth2}";"2022-10-21T10:19:50-04:00";145,484,425
"net.Recv {interface: eth2}";"2022-10-21T10:20:00-04:00";117,064,523
"net.Recv {interface: eth2}";"2022-10-21T10:20:10-04:00";112,496,312
"net.Recv {interface: eth2}";"2022-10-21T10:20:20-04:00";116,425,128
"net.Recv {interface: eth2}";"2022-10-21T10:20:30-04:00";91,268,260
"net.Recv {interface: eth2}";"2022-10-21T10:20:40-04:00";99,290,307
"net.Recv {interface: eth2}";"2022-10-21T10:20:50-04:00";95,404,684
"net.Recv {interface: eth2}";"2022-10-21T10:21:00-04:00";93,434,223
"net.Recv {interface: eth2}";"2022-10-21T10:21:10-04:00";86,574,004
"net.Recv {interface: eth2}";"2022-10-21T10:21:20-04:00";100,550,806
"net.Recv {interface: eth2}";"2022-10-21T10:21:30-04:00";108,922,595
"net.Recv {interface: eth2}";"2022-10-21T10:21:40-04:00";79,303,437
"net.Recv {interface: eth2}";"2022-10-21T10:21:50-04:00";102,644,461
"net.Recv {interface: eth2}";"2022-10-21T10:22:00-04:00";65,127,799
"net.Recv {interface: eth2}";"2022-10-21T10:22:10-04:00";85,108,041
"net.Recv {interface: eth2}";"2022-10-21T10:22:20-04:00";95,348,418
"net.Recv {interface: eth2}";"2022-10-21T10:22:30-04:00";113,660,840
"net.Recv {interface: eth2}";"2022-10-21T10:22:40-04:00";138,337,578
"net.Recv {interface: eth2}";"2022-10-21T10:22:50-04:00";94,774,514
"net.Recv {interface: eth2}";"2022-10-21T10:23:00-04:00";100,784,773
"net.Recv {interface: eth2}";"2022-10-21T10:23:10-04:00";111,902,023
"net.Recv {interface: eth2}";"2022-10-21T10:23:20-04:00";97,824,244
"net.Recv {interface: eth2}";"2022-10-21T10:23:30-04:00";62,691,619
"net.Recv {interface: eth2}";"2022-10-21T10:23:40-04:00";79,866,833
"net.Recv {interface: eth2}";"2022-10-21T10:23:50-04:00";82,020,385
"net.Recv {interface: eth2}";"2022-10-21T10:24:00-04:00";69,606,473
"net.Recv {interface: eth2}";"2022-10-21T10:24:10-04:00";63,795,042
"net.Recv {interface: eth2}";"2022-10-21T10:24:20-04:00";79,607,727
"net.Recv {interface: eth2}";"2022-10-21T10:24:30-04:00";85,008,785
"net.Recv {interface: eth2}";"2022-10-21T10:24:40-04:00";70,735,908
"net.Recv {interface: eth2}";"2022-10-21T10:24:50-04:00";75,529,519
"net.Recv {interface: eth2}";"2022-10-21T10:25:00-04:00";79,017,834
"net.Recv {interface: eth2}";"2022-10-21T10:25:10-04:00";107,371,220
"net.Recv {interface: eth2}";"2022-10-21T10:25:20-04:00";70,808,537
"net.Recv {interface: eth2}";"2022-10-21T10:25:30-04:00";94,148,035
"net.Recv {interface: eth2}";"2022-10-21T10:25:40-04:00";107,769,354
"net.Recv {interface: eth2}";"2022-10-21T10:25:50-04:00";94,176,309
"net.Recv {interface: eth2}";"2022-10-21T10:26:00-04:00";104,218,272
"net.Recv {interface: eth2}";"2022-10-21T10:26:10-04:00";81,429,714
"net.Recv {interface: eth2}";"2022-10-21T10:26:20-04:00";79,936,133
"net.Recv {interface: eth2}";"2022-10-21T10:26:30-04:00";68,606,181
"net.Recv {interface: eth2}";"2022-10-21T10:26:40-04:00";68,572,991
"net.Recv {interface: eth2}";"2022-10-21T10:26:50-04:00";88,390,100
"net.Recv {interface: eth2}";"2022-10-21T10:27:00-04:00";68,824,140
"net.Recv {interface: eth2}";"2022-10-21T10:27:10-04:00";96,632,363
"net.Recv {interface: eth2}";"2022-10-21T10:27:20-04:00";110,175,473
"net.Recv {interface: eth2}";"2022-10-21T10:27:30-04:00";107,456,139
"net.Recv {interface: eth2}";"2022-10-21T10:27:40-04:00";106,777,975
"net.Recv {interface: eth2}";"2022-10-21T10:27:50-04:00";90,519,283
"net.Recv {interface: eth2}";"2022-10-21T10:28:00-04:00";101,252,801
"net.Recv {interface: eth2}";"2022-10-21T10:28:10-04:00";86,946,777
"net.Recv {interface: eth2}";"2022-10-21T10:28:20-04:00";114,674,242
"net.Recv {interface: eth2}";"2022-10-21T10:28:30-04:00";98,061,458
"net.Recv {interface: eth2}";"2022-10-21T10:28:40-04:00";108,241,599
"net.Recv {interface: eth2}";"2022-10-21T10:28:50-04:00";98,393,935
"net.Recv {interface: eth2}";"2022-10-21T10:29:00-04:00";145,512,611
"net.Recv {interface: eth2}";"2022-10-21T10:29:10-04:00";106,918,637
"net.Recv {interface: eth2}";"2022-10-21T10:29:20-04:00";128,654,150
"net.Recv {interface: eth2}";"2022-10-21T10:29:30-04:00";75,779,152
"net.Recv {interface: eth2}";"2022-10-21T10:29:40-04:00";150,455,760
"net.Recv {interface: eth2}";"2022-10-21T10:29:50-04:00";101,683,535
"net.Recv {interface: eth2}";"2022-10-21T10:30:00-04:00";131,668,021
"net.Recv {interface: eth2}";"2022-10-21T10:30:10-04:00";78,230,940
"net.Recv {interface: eth2}";"2022-10-21T10:30:20-04:00";94,353,079
"net.Recv {interface: eth2}";"2022-10-21T10:30:30-04:00";85,242,496
"net.Recv {interface: eth2}";"2022-10-21T10:30:40-04:00";88,409,915
"net.Recv {interface: eth2}";"2022-10-21T10:30:50-04:00";74,065,547
"net.Recv {interface: eth2}";"2022-10-21T10:31:00-04:00";72,458,271
"net.Recv {interface: eth2}";"2022-10-21T10:31:10-04:00";70,878,256
"net.Recv {interface: eth2}";"2022-10-21T10:31:20-04:00";92,280,670
"net.Recv {interface: eth2}";"2022-10-21T10:31:30-04:00";75,397,125
"net.Recv {interface: eth2}";"2022-10-21T10:31:40-04:00";88,288,647
"net.Recv {interface: eth2}";"2022-10-21T10:31:50-04:00";77,189,237
"net.Recv {interface: eth2}";"2022-10-21T10:32:00-04:00";108,583,769
"net.Recv {interface: eth2}";"2022-10-21T10:32:10-04:00";192,983,856
"net.Recv {interface: eth2}";"2022-10-21T10:32:20-04:00";127,728,742
"net.Recv {interface: eth2}";"2022-10-21T10:32:30-04:00";98,044,176
"net.Recv {interface: eth2}";"2022-10-21T10:32:40-04:00";74,444,920
"net.Recv {interface: eth2}";"2022-10-21T10:32:50-04:00";140,731,073
"net.Recv {interface: eth2}";"2022-10-21T10:33:00-04:00";82,558,162
"net.Recv {interface: eth2}";"2022-10-21T10:33:10-04:00";90,447,101
"net.Recv {interface: eth2}";"2022-10-21T10:33:20-04:00";145,408,334
"net.Recv {interface: eth2}";"2022-10-21T10:33:30-04:00";182,804,168
"net.Recv {interface: eth2}";"2022-10-21T10:33:40-04:00";181,877,405
"net.Recv {interface: eth2}";"2022-10-21T10:33:50-04:00";163,946,274
"net.Recv {interface: eth2}";"2022-10-21T10:34:00-04:00";135,521,377
"net.Recv {interface: eth2}";"2022-10-21T10:34:10-04:00";107,824,801
"net.Recv {interface: eth2}";"2022-10-21T10:34:20-04:00";143,240,088
"net.Recv {interface: eth2}";"2022-10-21T10:34:30-04:00";148,444,989
"net.Recv {interface: eth2}";"2022-10-21T10:34:40-04:00";122,587,393
"net.Send {interface: eth2}";"2022-10-21T09:35:00-04:00";-47,668,782
"net.Send {interface: eth2}";"2022-10-21T09:35:10-04:00";-47,485,462
"net.Send {interface: eth2}";"2022-10-21T09:35:20-04:00";-44,714,799
"net.Send {interface: eth2}";"2022-10-21T09:35:30-04:00";-40,106,820
"net.Send {interface: eth2}";"2022-10-21T09:35:40-04:00";-43,669,166
"net.Send {interface: eth2}";"2022-10-21T09:35:50-04:00";-51,671,203
"net.Send {interface: eth2}";"2022-10-21T09:36:00-04:00";-35,449,742
"net.Send {interface: eth2}";"2022-10-21T09:36:10-04:00";-32,556,964
"net.Send {interface: eth2}";"2022-10-21T09:36:20-04:00";-43,846,077
"net.Send {interface: eth2}";"2022-10-21T09:36:30-04:00";-35,322,886
"net.Send {interface: eth2}";"2022-10-21T09:36:40-04:00";-42,304,631
"net.Send {interface: eth2}";"2022-10-21T09:36:50-04:00";-33,239,659
"net.Send {interface: eth2}";"2022-10-21T09:37:00-04:00";-33,662,224
"net.Send {interface: eth2}";"2022-10-21T09:37:10-04:00";-30,254,519
"net.Send {interface: eth2}";"2022-10-21T09:37:20-04:00";-34,003,955
"net.Send {interface: eth2}";"2022-10-21T09:37:30-04:00";-34,873,009
"net.Send {interface: eth2}";"2022-10-21T09:37:40-04:00";-29,800,761
"net.Send {interface: eth2}";"2022-10-21T09:37:50-04:00";-31,766,687
"net.Send {interface: eth2}";"2022-10-21T09:38:00-04:00";-42,567,169
"net.Send {interface: eth2}";"2022-10-21T09:38:10-04:00";-38,347,976
"net.Send {interface: eth2}";"2022-10-21T09:38:20-04:00";-38,658,164
"net.Send {interface: eth2}";"2022-10-21T09:38:30-04:00";-35,360,928
"net.Send {interface: eth2}";"2022-10-21T09:38:40-04:00";-65,038,655
"net.Send {interface: eth2}";"2022-10-21T09:38:50-04:00";-48,081,978
"net.Send {interface: eth2}";"2022-10-21T09:39:00-04:00";-34,158,624
"net.Send {interface: eth2}";"2022-10-21T09:39:10-04:00";-27,662,757
"net.Send {interface: eth2}";"2022-10-21T09:39:20-04:00";-32,750,447
"net.Send {interface: eth2}";"2022-10-21T09:39:30-04:00";-38,228,709
"net.Send {interface: eth2}";"2022-10-21T09:39:40-04:00";-55,885,131
"net.Send {interface: eth2}";"2022-10-21T09:39:50-04:00";-48,791,281
"net.Send {interface: eth2}";"2022-10-21T09:40:00-04:00";-56,300,171
"net.Send {interface: eth2}";"2022-10-21T09:40:10-04:00";-39,713,354
"net.Send {interface: eth2}";"2022-10-21T09:40:20-04:00";-53,653,457
"net.Send {interface: eth2}";"2022-10-21T09:40:30-04:00";-55,971,427
"net.Send {interface: eth2}";"2022-10-21T09:40:40-04:00";-58,854,729
"net.Send {interface: eth2}";"2022-10-21T09:40:50-04:00";-53,442,370
"net.Send {interface: eth2}";"2022-10-21T09:41:00-04:00";-69,420,095
"net.Send {interface: eth2}";"2022-10-21T09:41:10-04:00";-69,429,258
"net.Send {interface: eth2}";"2022-10-21T09:41:20-04:00";-66,914,719
"net.Send {interface: eth2}";"2022-10-21T09:41:30-04:00";-50,093,190
"net.Send {interface: eth2}";"2022-10-21T09:41:40-04:00";-39,036,164
"net.Send {interface: eth2}";"2022-10-21T09:41:50-04:00";-36,059,713
"net.Send {interface: eth2}";"2022-10-21T09:42:00-04:00";-37,641,547
"net.Send {interface: eth2}";"2022-10-21T09:42:10-04:00";-40,027,156
"net.Send {interface: eth2}";"2022-10-21T09:42:20-04:00";-36,884,590
"net.Send {interface: eth2}";"2022-10-21T09:42:30-04:00";-38,351,003
"net.Send {interface: eth2}";"2022-10-21T09:42:40-04:00";-36,541,034
"net.Send {interface: eth2}";"2022-10-21T09:42:50-04:00";-33,877,521
"net.Send {interface: eth2}";"2022-10-21T09:43:00-04:00";-33,077,823
"net.Send {interface: eth2}";"2022-10-21T09:43:10-04:00";-34,854,533
"net.Send {interface: eth2}";"2022-10-21T09:43:20-04:00";-36,259,038
"net.Send {interface: eth2}";"2022-10-21T09:43:30-04:00";-30,273,415
"net.Send {interface: eth2}";"2022-10-21T09:43:40-04:00";-34,190,498
"net.Send {interface: eth2}";"2022-10-21T09:43:50-04:00";-46,881,440
"net.Send {interface: eth2}";"2022-10-21T09:44:00-04:00";-49,523,462
"net.Send {interface: eth2}";"2022-10-21T09:44:10-04:00";-34,739,839
"net.Send {interface: eth2}";"2022-10-21T09:44:20-04:00";-63,271,136
"net.Send {interface: eth2}";"2022-10-21T09:44:30-04:00";-70,104,316
"net.Send {interface: eth2}";"2022-10-21T09:44:40-04:00";-72,225,518
"net.Send {interface: eth2}";"2022-10-21T09:44:50-04:00";-83,933,420
"net.Send {interface: eth2}";"2022-10-21T09:45:00-04:00";-43,040,428
"net.Send {interface: eth2}";"2022-10-21T09:45:10-04:00";-32,191,853
"net.Send {interface: eth2}";"2022-10-21T09:45:20-04:00";-28,653,951
"net.Send {interface: eth2}";"2022-10-21T09:45:30-04:00";-53,321,725
"net.Send {interface: eth2}";"2022-10-21T09:45:40-04:00";-32,190,202
"net.Send {interface: eth2}";"2022-10-21T09:45:50-04:00";-29,611,381
"net.Send {interface: eth2}";"2022-10-21T09:46:00-04:00";-24,264,528
"net.Send {interface: eth2}";"2022-10-21T09:46:10-04:00";-33,355,157
"net.Send {interface: eth2}";"2022-10-21T09:46:20-04:00";-103,998,432
"net.Send {interface: eth2}";"2022-10-21T09:46:30-04:00";-70,284,093
"net.Send {interface: eth2}";"2022-10-21T09:46:40-04:00";-62,646,562
"net.Send {interface: eth2}";"2022-10-21T09:46:50-04:00";-63,761,575
"net.Send {interface: eth2}";"2022-10-21T09:47:00-04:00";-69,123,131
"net.Send {interface: eth2}";"2022-10-21T09:47:10-04:00";-67,960,893
"net.Send {interface: eth2}";"2022-10-21T09:47:20-04:00";-44,315,505
"net.Send {interface: eth2}";"2022-10-21T09:47:30-04:00";-38,943,177
"net.Send {interface: eth2}";"2022-10-21T09:47:40-04:00";-35,883,440
"net.Send {interface: eth2}";"2022-10-21T09:47:50-04:00";-29,760,049
"net.Send {interface: eth2}";"2022-10-21T09:48:00-04:00";-31,167,291
"net.Send {interface: eth2}";"2022-10-21T09:48:10-04:00";-32,473,684
"net.Send {interface: eth2}";"2022-10-21T09:48:20-04:00";-32,233,386
"net.Send {interface: eth2}";"2022-10-21T09:48:30-04:00";-49,620,049
"net.Send {interface: eth2}";"2022-10-21T09:48:40-04:00";-31,717,233
"net.Send {interface: eth2}";"2022-10-21T09:48:50-04:00";-35,357,520
"net.Send {interface: eth2}";"2022-10-21T09:49:00-04:00";-35,877,546
"net.Send {interface: eth2}";"2022-10-21T09:49:10-04:00";-31,645,856
"net.Send {interface: eth2}";"2022-10-21T09:49:20-04:00";-30,415,384
"net.Send {interface: eth2}";"2022-10-21T09:49:30-04:00";-30,779,012
"net.Send {interface: eth2}";"2022-10-21T09:49:40-04:00";-30,693,573
"net.Send {interface: eth2}";"2022-10-21T09:49:50-04:00";-32,422,892
"net.Send {interface: eth2}";"2022-10-21T09:50:00-04:00";-29,913,657
"net.Send {interface: eth2}";"2022-10-21T09:50:10-04:00";-27,149,255
"net.Send {interface: eth2}";"2022-10-21T09:50:20-04:00";-35,310,629
"net.Send {interface: eth2}";"2022-10-21T09:50:30-04:00";-34,361,337
"net.Send {interface: eth2}";"2022-10-21T09:50:40-04:00";-35,618,754
"net.Send {interface: eth2}";"2022-10-21T09:50:50-04:00";-35,971,337
"net.Send {interface: eth2}";"2022-10-21T09:51:00-04:00";-57,770,945
"net.Send {interface: eth2}";"2022-10-21T09:51:10-04:00";-30,735,532
"net.Send {interface: eth2}";"2022-10-21T09:51:20-04:00";-32,001,557
"net.Send {interface: eth2}";"2022-10-21T09:51:30-04:00";-34,894,784
"net.Send {interface: eth2}";"2022-10-21T09:51:40-04:00";-31,586,226
"net.Send {interface: eth2}";"2022-10-21T09:51:50-04:00";-34,388,978
"net.Send {interface: eth2}";"2022-10-21T09:52:00-04:00";-34,286,804
"net.Send {interface: eth2}";"2022-10-21T09:52:10-04:00";-34,877,569
"net.Send {interface: eth2}";"2022-10-21T09:52:20-04:00";-35,151,933
"net.Send {interface: eth2}";"2022-10-21T09:52:30-04:00";-32,257,218
"net.Send {interface: eth2}";"2022-10-21T09:52:40-04:00";-33,360,524
"net.Send {interface: eth2}";"2022-10-21T09:52:50-04:00";-29,012,773
"net.Send {interface: eth2}";"2022-10-21T09:53:00-04:00";-34,249,227
"net.Send {interface: eth2}";"2022-10-21T09:53:10-04:00";-33,253,082
"net.Send {interface: eth2}";"2022-10-21T09:53:20-04:00";-29,034,602
"net.Send {interface: eth2}";"2022-10-21T09:53:30-04:00";-24,380,091
"net.Send {interface: eth2}";"2022-10-21T09:53:40-04:00";-37,400,114
"net.Send {interface: eth2}";"2022-10-21T09:53:50-04:00";-28,800,370
"net.Send {interface: eth2}";"2022-10-21T09:54:00-04:00";-30,760,222
"net.Send {interface: eth2}";"2022-10-21T09:54:10-04:00";-28,837,238
"net.Send {interface: eth2}";"2022-10-21T09:54:20-04:00";-26,907,921
"net.Send {interface: eth2}";"2022-10-21T09:54:30-04:00";-26,883,680
"net.Send {interface: eth2}";"2022-10-21T09:54:40-04:00";-29,173,225
"net.Send {interface: eth2}";"2022-10-21T09:54:50-04:00";-28,199,205
"net.Send {interface: eth2}";"2022-10-21T09:55:00-04:00";-28,021,582
"net.Send {interface: eth2}";"2022-10-21T09:55:10-04:00";-32,633,766
"net.Send {interface: eth2}";"2022-10-21T09:55:20-04:00";-53,352,624
"net.Send {interface: eth2}";"2022-10-21T09:55:30-04:00";-42,538,282
"net.Send {interface: eth2}";"2022-10-21T09:55:40-04:00";-33,753,886
"net.Send {interface: eth2}";"2022-10-21T09:55:50-04:00";-31,557,870
"net.Send {interface: eth2}";"2022-10-21T09:56:00-04:00";-40,947,742
"net.Send {interface: eth2}";"2022-10-21T09:56:10-04:00";-43,664,935
"net.Send {interface: eth2}";"2022-10-21T09:56:20-04:00";-86,076,538
"net.Send {interface: eth2}";"2022-10-21T09:56:30-04:00";-35,733,868
"net.Send {interface: eth2}";"2022-10-21T09:56:40-04:00";-32,513,469
"net.Send {interface: eth2}";"2022-10-21T09:56:50-04:00";-33,339,301
"net.Send {interface: eth2}";"2022-10-21T09:57:00-04:00";-39,391,456
"net.Send {interface: eth2}";"2022-10-21T09:57:10-04:00";-34,262,053
"net.Send {interface: eth2}";"2022-10-21T09:57:20-04:00";-28,456,684
"net.Send {interface: eth2}";"2022-10-21T09:57:30-04:00";-29,574,259
"net.Send {interface: eth2}";"2022-10-21T09:57:40-04:00";-24,232,867
"net.Send {interface: eth2}";"2022-10-21T09:57:50-04:00";-29,659,042
"net.Send {interface: eth2}";"2022-10-21T09:58:00-04:00";-36,011,934
"net.Send {interface: eth2}";"2022-10-21T09:58:10-04:00";-43,730,545
"net.Send {interface: eth2}";"2022-10-21T09:58:20-04:00";-45,086,486
"net.Send {interface: eth2}";"2022-10-21T09:58:30-04:00";-38,850,495
"net.Send {interface: eth2}";"2022-10-21T09:58:40-04:00";-27,364,549
"net.Send {interface: eth2}";"2022-10-21T09:58:50-04:00";-29,578,299
"net.Send {interface: eth2}";"2022-10-21T09:59:00-04:00";-27,401,602
"net.Send {interface: eth2}";"2022-10-21T09:59:10-04:00";-30,182,651
"net.Send {interface: eth2}";"2022-10-21T09:59:20-04:00";-31,722,062
"net.Send {interface: eth2}";"2022-10-21T09:59:30-04:00";-24,501,514
"net.Send {interface: eth2}";"2022-10-21T09:59:40-04:00";-53,385,171
"net.Send {interface: eth2}";"2022-10-21T09:59:50-04:00";-40,300,487
"net.Send {interface: eth2}";"2022-10-21T10:00:00-04:00";-36,522,940
"net.Send {interface: eth2}";"2022-10-21T10:00:10-04:00";-54,200,667
"net.Send {interface: eth2}";"2022-10-21T10:00:20-04:00";-34,717,329
"net.Send {interface: eth2}";"2022-10-21T10:00:30-04:00";-30,530,532
"net.Send {interface: eth2}";"2022-10-21T10:00:40-04:00";-33,843,253
"net.Send {interface: eth2}";"2022-10-21T10:00:50-04:00";-55,555,713
"net.Send {interface: eth2}";"2022-10-21T10:01:00-04:00";-81,365,551
"net.Send {interface: eth2}";"2022-10-21T10:01:10-04:00";-37,618,186
"net.Send {interface: eth2}";"2022-10-21T10:01:20-04:00";-41,862,034
"net.Send {interface: eth2}";"2022-10-21T10:01:30-04:00";-33,840,625
"net.Send {interface: eth2}";"2022-10-21T10:01:40-04:00";-38,088,255
"net.Send {interface: eth2}";"2022-10-21T10:01:50-04:00";-38,695,076
"net.Send {interface: eth2}";"2022-10-21T10:02:00-04:00";-34,140,565
"net.Send {interface: eth2}";"2022-10-21T10:02:10-04:00";-32,787,140
"net.Send {interface: eth2}";"2022-10-21T10:02:20-04:00";-28,555,298
"net.Send {interface: eth2}";"2022-10-21T10:02:30-04:00";-32,848,314
"net.Send {interface: eth2}";"2022-10-21T10:02:40-04:00";-30,020,796
"net.Send {interface: eth2}";"2022-10-21T10:02:50-04:00";-27,917,111
"net.Send {interface: eth2}";"2022-10-21T10:03:00-04:00";-24,404,937
"net.Send {interface: eth2}";"2022-10-21T10:03:10-04:00";-25,711,483
"net.Send {interface: eth2}";"2022-10-21T10:03:20-04:00";-29,234,366
"net.Send {interface: eth2}";"2022-10-21T10:03:30-04:00";-34,263,659
"net.Send {interface: eth2}";"2022-10-21T10:03:40-04:00";-38,969,579
"net.Send {interface: eth2}";"2022-10-21T10:03:50-04:00";-59,042,141
"net.Send {interface: eth2}";"2022-10-21T10:04:00-04:00";-61,982,280
"net.Send {interface: eth2}";"2022-10-21T10:04:10-04:00";-41,933,168
"net.Send {interface: eth2}";"2022-10-21T10:04:20-04:00";-48,887,349
"net.Send {interface: eth2}";"2022-10-21T10:04:30-04:00";-100,402,905
"net.Send {interface: eth2}";"2022-10-21T10:04:40-04:00";-34,960,358
"net.Send {interface: eth2}";"2022-10-21T10:04:50-04:00";-37,332,231
"net.Send {interface: eth2}";"2022-10-21T10:05:00-04:00";-34,544,085
"net.Send {interface: eth2}";"2022-10-21T10:05:10-04:00";-34,205,879
"net.Send {interface: eth2}";"2022-10-21T10:05:20-04:00";-33,821,216
"net.Send {interface: eth2}";"2022-10-21T10:05:30-04:00";-30,219,846
"net.Send {interface: eth2}";"2022-10-21T10:05:40-04:00";-31,540,046
"net.Send {interface: eth2}";"2022-10-21T10:05:50-04:00";-26,646,337
"net.Send {interface: eth2}";"2022-10-21T10:06:00-04:00";-33,423,501
"net.Send {interface: eth2}";"2022-10-21T10:06:10-04:00";-32,816,232
"net.Send {interface: eth2}";"2022-10-21T10:06:20-04:00";-29,585,483
"net.Send {interface: eth2}";"2022-10-21T10:06:30-04:00";-28,286,004
"net.Send {interface: eth2}";"2022-10-21T10:06:40-04:00";-25,636,537
"net.Send {interface: eth2}";"2022-10-21T10:06:50-04:00";-25,839,371
"net.Send {interface: eth2}";"2022-10-21T10:07:00-04:00";-27,130,727
"net.Send {interface: eth2}";"2022-10-21T10:07:10-04:00";-29,247,293
"net.Send {interface: eth2}";"2022-10-21T10:07:20-04:00";-36,081,118
"net.Send {interface: eth2}";"2022-10-21T10:07:30-04:00";-81,655,241
"net.Send {interface: eth2}";"2022-10-21T10:07:40-04:00";-42,832,161
"net.Send {interface: eth2}";"2022-10-21T10:07:50-04:00";-31,158,140
"net.Send {interface: eth2}";"2022-10-21T10:08:00-04:00";-32,838,009
"net.Send {interface: eth2}";"2022-10-21T10:08:10-04:00";-31,072,246
"net.Send {interface: eth2}";"2022-10-21T10:08:20-04:00";-32,510,617
"net.Send {interface: eth2}";"2022-10-21T10:08:30-04:00";-31,339,023
"net.Send {interface: eth2}";"2022-10-21T10:08:40-04:00";-33,102,420
"net.Send {interface: eth2}";"2022-10-21T10:08:50-04:00";-31,721,902
"net.Send {interface: eth2}";"2022-10-21T10:09:00-04:00";-32,635,306
"net.Send {interface: eth2}";"2022-10-21T10:09:10-04:00";-32,907,237
"net.Send {interface: eth2}";"2022-10-21T10:09:20-04:00";-36,514,481
"net.Send {interface: eth2}";"2022-10-21T10:09:30-04:00";-31,302,775
"net.Send {interface: eth2}";"2022-10-21T10:09:40-04:00";-31,085,598
"net.Send {interface: eth2}";"2022-10-21T10:09:50-04:00";-29,749,784
"net.Send {interface: eth2}";"2022-10-21T10:10:00-04:00";-28,209,918
"net.Send {interface: eth2}";"2022-10-21T10:10:10-04:00";-29,214,296
"net.Send {interface: eth2}";"2022-10-21T10:10:20-04:00";-29,906,085
"net.Send {interface: eth2}";"2022-10-21T10:10:30-04:00";-26,056,641
"net.Send {interface: eth2}";"2022-10-21T10:10:40-04:00";-46,269,501
"net.Send {interface: eth2}";"2022-10-21T10:10:50-04:00";-24,090,772
"net.Send {interface: eth2}";"2022-10-21T10:11:00-04:00";-21,766,550
"net.Send {interface: eth2}";"2022-10-21T10:11:10-04:00";-22,609,718
"net.Send {interface: eth2}";"2022-10-21T10:11:20-04:00";-25,108,648
"net.Send {interface: eth2}";"2022-10-21T10:11:30-04:00";-29,745,102
"net.Send {interface: eth2}";"2022-10-21T10:11:40-04:00";-26,629,707
"net.Send {interface: eth2}";"2022-10-21T10:11:50-04:00";-37,226,526
"net.Send {interface: eth2}";"2022-10-21T10:12:00-04:00";-23,367,943
"net.Send {interface: eth2}";"2022-10-21T10:12:10-04:00";-25,384,467
"net.Send {interface: eth2}";"2022-10-21T10:12:20-04:00";-22,456,140
"net.Send {interface: eth2}";"2022-10-21T10:12:30-04:00";-19,316,781
"net.Send {interface: eth2}";"2022-10-21T10:12:40-04:00";-26,382,847
"net.Send {interface: eth2}";"2022-10-21T10:12:50-04:00";-17,475,614
"net.Send {interface: eth2}";"2022-10-21T10:13:00-04:00";-21,117,901
"net.Send {interface: eth2}";"2022-10-21T10:13:10-04:00";-21,425,134
"net.Send {interface: eth2}";"2022-10-21T10:13:20-04:00";-28,898,892
"net.Send {interface: eth2}";"2022-10-21T10:13:30-04:00";-23,499,969
"net.Send {interface: eth2}";"2022-10-21T10:13:40-04:00";-24,864,614
"net.Send {interface: eth2}";"2022-10-21T10:13:50-04:00";-25,679,787
"net.Send {interface: eth2}";"2022-10-21T10:14:00-04:00";-25,374,304
"net.Send {interface: eth2}";"2022-10-21T10:14:10-04:00";-67,631,521
"net.Send {interface: eth2}";"2022-10-21T10:14:20-04:00";-21,931,218
"net.Send {interface: eth2}";"2022-10-21T10:14:30-04:00";-20,602,039
"net.Send {interface: eth2}";"2022-10-21T10:14:40-04:00";-24,301,896
"net.Send {interface: eth2}";"2022-10-21T10:14:50-04:00";-20,200,806
"net.Send {interface: eth2}";"2022-10-21T10:15:00-04:00";-23,083,416
"net.Send {interface: eth2}";"2022-10-21T10:15:10-04:00";-28,397,182
"net.Send {interface: eth2}";"2022-10-21T10:15:20-04:00";-25,828,144
"net.Send {interface: eth2}";"2022-10-21T10:15:30-04:00";-19,308,293
"net.Send {interface: eth2}";"2022-10-21T10:15:40-04:00";-20,568,984
"net.Send {interface: eth2}";"2022-10-21T10:15:50-04:00";-26,011,662
"net.Send {interface: eth2}";"2022-10-21T10:16:00-04:00";-23,176,802
"net.Send {interface: eth2}";"2022-10-21T10:16:10-04:00";-23,635,878
"net.Send {interface: eth2}";"2022-10-21T10:16:20-04:00";-25,805,868
"net.Send {interface: eth2}";"2022-10-21T10:16:30-04:00";-27,584,972
"net.Send {interface: eth2}";"2022-10-21T10:16:40-04:00";-21,357,948
"net.Send {interface: eth2}";"2022-10-21T10:16:50-04:00";-18,590,744
"net.Send {interface: eth2}";"2022-10-21T10:17:00-04:00";-17,965,437
"net.Send {interface: eth2}";"2022-10-21T10:17:10-04:00";-18,097,980
"net.Send {interface: eth2}";"2022-10-21T10:17:20-04:00";-20,550,599
"net.Send {interface: eth2}";"2022-10-21T10:17:30-04:00";-19,274,799
"net.Send {interface: eth2}";"2022-10-21T10:17:40-04:00";-20,376,559
"net.Send {interface: eth2}";"2022-10-21T10:17:50-04:00";-19,882,205
"net.Send {interface: eth2}";"2022-10-21T10:18:00-04:00";-25,833,679
"net.Send {interface: eth2}";"2022-10-21T10:18:10-04:00";-18,967,743
"net.Send {interface: eth2}";"2022-10-21T10:18:20-04:00";-19,843,187
"net.Send {interface: eth2}";"2022-10-21T10:18:30-04:00";-20,485,786
"net.Send {interface: eth2}";"2022-10-21T10:18:40-04:00";-17,435,853
"net.Send {interface: eth2}";"2022-10-21T10:18:50-04:00";-22,920,891
"net.Send {interface: eth2}";"2022-10-21T10:19:00-04:00";-23,868,359
"net.Send {interface: eth2}";"2022-10-21T10:19:10-04:00";-20,822,333
"net.Send {interface: eth2}";"2022-10-21T10:19:20-04:00";-31,938,638
"net.Send {interface: eth2}";"2022-10-21T10:19:30-04:00";-26,165,915
"net.Send {interface: eth2}";"2022-10-21T10:19:40-04:00";-17,638,417
"net.Send {interface: eth2}";"2022-10-21T10:19:50-04:00";-27,451,212
"net.Send {interface: eth2}";"2022-10-21T10:20:00-04:00";-21,438,888
"net.Send {interface: eth2}";"2022-10-21T10:20:10-04:00";-20,811,082
"net.Send {interface: eth2}";"2022-10-21T10:20:20-04:00";-30,599,206
"net.Send {interface: eth2}";"2022-10-21T10:20:30-04:00";-19,864,922
"net.Send {interface: eth2}";"2022-10-21T10:20:40-04:00";-18,771,678
"net.Send {interface: eth2}";"2022-10-21T10:20:50-04:00";-18,163,854
"net.Send {interface: eth2}";"2022-10-21T10:21:00-04:00";-15,936,659
"net.Send {interface: eth2}";"2022-10-21T10:21:10-04:00";-16,552,042
"net.Send {interface: eth2}";"2022-10-21T10:21:20-04:00";-29,602,026
"net.Send {interface: eth2}";"2022-10-21T10:21:30-04:00";-17,157,811
"net.Send {interface: eth2}";"2022-10-21T10:21:40-04:00";-19,658,056
"net.Send {interface: eth2}";"2022-10-21T10:21:50-04:00";-30,765,549
"net.Send {interface: eth2}";"2022-10-21T10:22:00-04:00";-28,233,809
"net.Send {interface: eth2}";"2022-10-21T10:22:10-04:00";-27,356,399
"net.Send {interface: eth2}";"2022-10-21T10:22:20-04:00";-19,535,989
"net.Send {interface: eth2}";"2022-10-21T10:22:30-04:00";-22,853,764
"net.Send {interface: eth2}";"2022-10-21T10:22:40-04:00";-61,166,192
"net.Send {interface: eth2}";"2022-10-21T10:22:50-04:00";-20,054,192
"net.Send {interface: eth2}";"2022-10-21T10:23:00-04:00";-21,234,375
"net.Send {interface: eth2}";"2022-10-21T10:23:10-04:00";-20,278,408
"net.Send {interface: eth2}";"2022-10-21T10:23:20-04:00";-19,998,810
"net.Send {interface: eth2}";"2022-10-21T10:23:30-04:00";-19,336,096
"net.Send {interface: eth2}";"2022-10-21T10:23:40-04:00";-21,216,779
"net.Send {interface: eth2}";"2022-10-21T10:23:50-04:00";-24,517,087
"net.Send {interface: eth2}";"2022-10-21T10:24:00-04:00";-21,741,511
"net.Send {interface: eth2}";"2022-10-21T10:24:10-04:00";-20,661,437
"net.Send {interface: eth2}";"2022-10-21T10:24:20-04:00";-18,795,725
"net.Send {interface: eth2}";"2022-10-21T10:24:30-04:00";-31,951,417
"net.Send {interface: eth2}";"2022-10-21T10:24:40-04:00";-21,118,271
"net.Send {interface: eth2}";"2022-10-21T10:24:50-04:00";-25,041,920
"net.Send {interface: eth2}";"2022-10-21T10:25:00-04:00";-25,730,740
"net.Send {interface: eth2}";"2022-10-21T10:25:10-04:00";-27,784,648
"net.Send {interface: eth2}";"2022-10-21T10:25:20-04:00";-26,516,781
"net.Send {interface: eth2}";"2022-10-21T10:25:30-04:00";-25,345,439
"net.Send {interface: eth2}";"2022-10-21T10:25:40-04:00";-20,392,712
"net.Send {interface: eth2}";"2022-10-21T10:25:50-04:00";-23,239,715
"net.Send {interface: eth2}";"2022-10-21T10:26:00-04:00";-23,752,257
"net.Send {interface: eth2}";"2022-10-21T10:26:10-04:00";-21,086,099
"net.Send {interface: eth2}";"2022-10-21T10:26:20-04:00";-21,048,553
"net.Send {interface: eth2}";"2022-10-21T10:26:30-04:00";-27,775,280
"net.Send {interface: eth2}";"2022-10-21T10:26:40-04:00";-20,564,906
"net.Send {interface: eth2}";"2022-10-21T10:26:50-04:00";-21,029,741
"net.Send {interface: eth2}";"2022-10-21T10:27:00-04:00";-22,586,551
"net.Send {interface: eth2}";"2022-10-21T10:27:10-04:00";-21,569,634
"net.Send {interface: eth2}";"2022-10-21T10:27:20-04:00";-20,716,785
"net.Send {interface: eth2}";"2022-10-21T10:27:30-04:00";-21,143,265
"net.Send {interface: eth2}";"2022-10-21T10:27:40-04:00";-22,602,555
"net.Send {interface: eth2}";"2022-10-21T10:27:50-04:00";-21,763,442
"net.Send {interface: eth2}";"2022-10-21T10:28:00-04:00";-20,405,616
"net.Send {interface: eth2}";"2022-10-21T10:28:10-04:00";-25,146,215
"net.Send {interface: eth2}";"2022-10-21T10:28:20-04:00";-48,822,514
"net.Send {interface: eth2}";"2022-10-21T10:28:30-04:00";-17,713,364
"net.Send {interface: eth2}";"2022-10-21T10:28:40-04:00";-20,434,784
"net.Send {interface: eth2}";"2022-10-21T10:28:50-04:00";-26,194,241
"net.Send {interface: eth2}";"2022-10-21T10:29:00-04:00";-26,881,166
"net.Send {interface: eth2}";"2022-10-21T10:29:10-04:00";-22,195,152
"net.Send {interface: eth2}";"2022-10-21T10:29:20-04:00";-24,330,847
"net.Send {interface: eth2}";"2022-10-21T10:29:30-04:00";-17,734,792
"net.Send {interface: eth2}";"2022-10-21T10:29:40-04:00";-56,692,966
"net.Send {interface: eth2}";"2022-10-21T10:29:50-04:00";-18,898,859
"net.Send {interface: eth2}";"2022-10-21T10:30:00-04:00";-21,142,410
"net.Send {interface: eth2}";"2022-10-21T10:30:10-04:00";-19,965,798
"net.Send {interface: eth2}";"2022-10-21T10:30:20-04:00";-18,237,698
"net.Send {interface: eth2}";"2022-10-21T10:30:30-04:00";-18,243,329
"net.Send {interface: eth2}";"2022-10-21T10:30:40-04:00";-23,346,553
"net.Send {interface: eth2}";"2022-10-21T10:30:50-04:00";-20,833,810
"net.Send {interface: eth2}";"2022-10-21T10:31:00-04:00";-16,921,585
"net.Send {interface: eth2}";"2022-10-21T10:31:10-04:00";-16,845,259
"net.Send {interface: eth2}";"2022-10-21T10:31:20-04:00";-15,683,119
"net.Send {interface: eth2}";"2022-10-21T10:31:30-04:00";-19,150,029
"net.Send {interface: eth2}";"2022-10-21T10:31:40-04:00";-16,342,332
"net.Send {interface: eth2}";"2022-10-21T10:31:50-04:00";-19,396,168
"net.Send {interface: eth2}";"2022-10-21T10:32:00-04:00";-26,192,559
"net.Send {interface: eth2}";"2022-10-21T10:32:10-04:00";-25,307,770
"net.Send {interface: eth2}";"2022-10-21T10:32:20-04:00";-18,139,893
"net.Send {interface: eth2}";"2022-10-21T10:32:30-04:00";-21,512,190
"net.Send {interface: eth2}";"2022-10-21T10:32:40-04:00";-23,157,631
"net.Send {interface: eth2}";"2022-10-21T10:32:50-04:00";-66,270,479
"net.Send {interface: eth2}";"2022-10-21T10:33:00-04:00";-29,648,431
"net.Send {interface: eth2}";"2022-10-21T10:33:10-04:00";-22,547,689
"net.Send {interface: eth2}";"2022-10-21T10:33:20-04:00";-23,572,828
"net.Send {interface: eth2}";"2022-10-21T10:33:30-04:00";-20,746,228
"net.Send {interface: eth2}";"2022-10-21T10:33:40-04:00";-21,527,863
"net.Send {interface: eth2}";"2022-10-21T10:33:50-04:00";-22,578,821
"net.Send {interface: eth2}";"2022-10-21T10:34:00-04:00";-19,655,369
"net.Send {interface: eth2}";"2022-10-21T10:34:10-04:00";-19,286,302
"net.Send {interface: eth2}";"2022-10-21T10:34:20-04:00";-20,892,179
"net.Send {interface: eth2}";"2022-10-21T10:34:30-04:00";-20,561,067
"net.Send {interface: eth2}";"2022-10-21T10:34:40-04:00";-22,550,697